file,ngram,pos,accuracy,perplexity
200_lines,2-gram,False,0.28667225481978204,97.3901578982424
100_lines,2-gram,False,0.28807339449541286,55.46093090749712
200_lines_pos,2-gram,True,0.4095744680851064,128.1315511420772
100_lines_n3,3-gram,False,0.24647887323943662,65.53327303665947
100_lines_pos,2-gram,True,0.44692737430167595,69.11230931693525
